ZIPƒtƒ@ƒCƒ‹–¼,o—Í”NŒ“úE,’n”Ô‹æˆæ,’n”Ô,’n”Ô‹æˆæi•MŠE–¢’è’n\¬’n”Ôj,’n”Ôi•MŠE–¢’è’n\¬’n”Ôj
25205-1617-1.zip,202202081208,”ª“ússf’Ë’¬,“¹-1,,
25205-1617-1.zip,202202081208,”ª“ússf’Ë’¬,…-1,,
25205-1617-1.zip,202202081208,”ª“ússf’Ë’¬,–³’n”Ô-1,,
25205-1617-1.zip,202202081208,”ª“ússf’Ë’¬,–³’n”Ô-2,,
25205-1617-2.zip,202202081208,”ª“ússD‚Ì’Ò‚P’š–Ú,“¹-1,,
25205-1617-2.zip,202202081208,”ª“ússD‚Ì’Ò‚P’š–Ú,962,,
25205-1617-2.zip,202202081208,”ª“ússD‚Ì’Ò‚P’š–Ú,962-1,,
25205-1617-2.zip,202202081208,”ª“ússD‚Ì’Ò‚P’š–Ú,962-5,,
25205-1617-2.zip,202202081208,”ª“ússD‚Ì’Ò‚P’š–Ú,962-6,,
25205-1617-2.zip,202202081208,”ª“ússD‚Ì’Ò‚P’š–Ú,962-7,,
25205-1617-2.zip,202202081208,”ª“ússD‚Ì’Ò‚P’š–Ú,962-8,,
25205-1617-3.zip,202202081208,”ª“úss—Ñ“c’¬,271,,
25205-1617-3.zip,202202081208,”ª“úss—Ñ“c’¬,645-5,,
25205-1617-3.zip,202202081208,”ª“úss—Ñ“c’¬,647-5,,
25205-1617-3.zip,202202081208,”ª“úss—Ñ“c’¬,647-7,,
25205-1617-3.zip,202202081208,”ª“úss—Ñ“c’¬,648-2,,
25205-1617-3.zip,202202081208,”ª“úss—Ñ“c’¬,651-3,,
25205-1617-3.zip,202202081208,”ª“úss—Ñ“c’¬,651-4,,
25205-1617-3.zip,202202081208,”ª“úss—Ñ“c’¬,776-3,,
25205-1617-3.zip,202202081208,”ª“úss—Ñ“c’¬,780-2,,
25205-1617-3.zip,202202081208,”ª“úss—Ñ“c’¬,780-3,,
25205-1617-3.zip,202202081208,”ª“úss—Ñ“c’¬,780-4,,
25205-1617-3.zip,202202081208,”ª“úss—Ñ“c’¬,’·‹·•¨•s–¾-1,,
25205-1617-3.zip,202202081208,”ª“úss—Ñ“c’¬,’·‹·•¨•s–¾-3,,
25205-1617-3.zip,202202081208,”ª“úss—Ñ“c’¬,’·‹·•¨•s–¾-4,,
25205-1617-3.zip,202202081208,”ª“úss—Ñ“c’¬,’·‹·•¨•s–¾-5,,
25205-1617-3.zip,202202081208,”ª“úss—Ñ“c’¬,’·‹·•¨•s–¾-6,,
25205-1617-3.zip,202202081208,”ª“úss—Ñ“c’¬,’·‹·•¨•s–¾-2,,
25205-1617-4.zip,202202081208,”ª“úss–­–@›’¬,514-1,,
25205-1617-4.zip,202202081208,”ª“úss–­–@›’¬,514-2,,
25205-1617-4.zip,202202081208,”ª“úss–­–@›’¬,514-3,,
25205-1617-4.zip,202202081208,”ª“úss–­–@›’¬,514-4,,
25205-1617-4.zip,202202081208,”ª“úss–­–@›’¬,514-5,,
25205-1617-4.zip,202202081208,”ª“úss–­–@›’¬,514-6,,
25205-1617-4.zip,202202081208,”ª“úss–­–@›’¬,515-1,,
25205-1617-4.zip,202202081208,”ª“úss–­–@›’¬,515-2,,
25205-1617-4.zip,202202081208,”ª“úss–­–@›’¬,515-3,,
25205-1617-4.zip,202202081208,”ª“úss–­–@›’¬,515-4,,
25205-1617-4.zip,202202081208,”ª“úss–­–@›’¬,515-5,,
25205-1617-4.zip,202202081208,”ª“úss–­–@›’¬,516-1,,
25205-1617-4.zip,202202081208,”ª“úss–­–@›’¬,516-2,,
25205-1617-4.zip,202202081208,”ª“úss–­–@›’¬,516-3,,
25205-1617-4.zip,202202081208,”ª“úss–­–@›’¬,517-2,,
25205-1617-4.zip,202202081208,”ª“úss–­–@›’¬,517-3,,
25205-1617-4.zip,202202081208,”ª“úss–­–@›’¬,518-1,,
25205-1617-4.zip,202202081208,”ª“úss–­–@›’¬,518-2,,
25205-1617-4.zip,202202081208,”ª“úss–­–@›’¬,518-3,,
25205-1617-4.zip,202202081208,”ª“úss–­–@›’¬,519-1,,
25205-1617-4.zip,202202081208,”ª“úss–­–@›’¬,519-2,,
25205-1617-4.zip,202202081208,”ª“úss–­–@›’¬,519-3,,
25205-1617-4.zip,202202081208,”ª“úss–­–@›’¬,519-4,,
25205-1617-4.zip,202202081208,”ª“úss–­–@›’¬,519-5,,
25205-1617-4.zip,202202081208,”ª“úss–­–@›’¬,524-2,,
25205-1617-4.zip,202202081208,”ª“úss–­–@›’¬,524-3,,
25205-1617-4.zip,202202081208,”ª“úss–­–@›’¬,525-2,,
25205-1617-4.zip,202202081208,”ª“úss–­–@›’¬,525-3,,
25205-1617-4.zip,202202081208,”ª“úss–­–@›’¬,526-2,,
25205-1617-4.zip,202202081208,”ª“úss–­–@›’¬,526-3,,
25205-1617-4.zip,202202081208,”ª“úss–­–@›’¬,528-2,,
25205-1617-4.zip,202202081208,”ª“úss–­–@›’¬,538-2,,
25205-1617-4.zip,202202081208,”ª“úss–­–@›’¬,538-3,,
25205-1617-4.zip,202202081208,”ª“úss–­–@›’¬,“¹-1,,
25205-1617-4.zip,202202081208,”ª“úss–­–@›’¬,“¹-2,,
25205-1617-4.zip,202202081208,”ª“úss–­–@›’¬,“¹-3,,
25205-1617-4.zip,202202081208,”ª“úss–­–@›’¬,“¹-5,,
25205-1617-4.zip,202202081208,”ª“úss–­–@›’¬,…-1,,
